{"cameraMode":{"drawMode":0,"name":"Shaded","section":"Shading Mode"},"sceneLighting":true,"audioPlay":false,"sceneViewState":{"showFog":true,"showMaterialUpdate":true,"showSkybox":true,"showFlares":true,"showImageEffects":true,"showParticleSystems":true},"in2DMode":false,"pivot":{"x":3.0484931468963625,"y":2.5923783779144289,"z":6.469843864440918},"rotation":{"x":-0.0007092591840773821,"y":-0.9503291845321655,"z":0.3112395107746124,"w":-0.00200655497610569},"size":10.533465385437012,"orthographic":true}