{"cameraMode":{"drawMode":0,"name":"Shaded","section":"Shading Mode"},"sceneLighting":false,"audioPlay":false,"sceneViewState":{"showFog":true,"showMaterialUpdate":true,"showSkybox":true,"showFlares":true,"showImageEffects":true,"showParticleSystems":true},"in2DMode":false,"pivot":{"x":-0.40197038650512698,"y":-0.78515625,"z":1.484641432762146},"rotation":{"x":0.19820158183574677,"y":-0.2213018834590912,"z":0.045989591628313068,"w":0.9537434577941895},"size":13.131829261779786,"orthographic":true}